sequence,kd (nm),DBN,
ATTACAGGAACGGGGACAAGGGCGAATAGAAATTGTGAAACATAAAGTCACGGGGTATGG,38.12,..........((..........)).........(((((.........)))))........,
AGGGAGCCAAGACAGCGCAATAATTTCTGCAGTGTGGAGCTTTGTTTAATTTAGTTGTTA,24.3,......(((..((.((............)).)).))).......................,
ATCAGTCGGACCGGCGGTAGAAGAGGAGTTCTATCACCAAAGGGAAAAGTAGTCAGCCG,12.8,.........(((...)))...(((.....)))....((....))...............,
ACACGCACGAGTTCGTACAAAGAGACAAGATCAGCATAAAACCAAGACGGACGCCAACCA,11.87,......(((....))).........................((.....))..........,
GCGAAGCCCTCAACGAACAACACAGATCTAGATCTTTATGGTAAGGTCCGTGCTGCCC,5.4,"((...))................((((....))))..((((......)))).......	",(-2.97)
TGCGAAGCCCTCAACGAACAACACAGATCTAGATCTTTATGGTAAGGTCCGTGCTGCCC,5.5,".((...))................((((....))))..((((......)))).......	",(-3.58)
CCGAGCATACTTAAACCATACTACAGTGTACCACTGGCAAAACCATTGATCCGCGAGCTC,3.5,".......................(((((...))))).(((.....)))............	",(-4.57)
CACACGACGAAGGACCTATAACACCGTACAGCAATCGACACTTAGTAGACACCGCGGCCA,3.5,"......(((...............))).......((.((.....)).))...........	",(-1.02)
AGTGAGGAACACATAACCGCGTAACGGGTAGCTTACAAGGGCTATTGGGGGATGCAAAGG,2.1,".(((.....)))....(((.....)))..((((......)))).................	",(-6.58)
TTCATGGCAACTGGGTAAGTTACTTTCACAATCCACTTCTAATATGATCGATCAGGCGCGG,1.94,"........((((.....)))).......................(((....))).......	",(-2.36)
TAACAGACGTCTCCCAAGCCATGAAAATTAGCCCAACTCATAGGACCATAACGCCCTACC,0.65,"..............((.....))..................(((..........)))...	",(-0.95)
